BEA Detail,Year,Country,Import Quantity,Unit,Source,BEA Summary,CountryCode,Region,cntry_cntrb_to_national_detail,cntry_cntrb_to_region_detail,cntry_cntrb_to_national_summary,cntry_cntrb_to_region_summary
1111A0,2019,Saudi Arabia,0.0,USD,Census,111CA,WM,ROW,0.0,0.0,0.0,0.0
1111B0,2019,Saudi Arabia,0.0,USD,Census,111CA,WM,ROW,0.0,0.0,0.0,0.0
111200,2019,Saudi Arabia,4169.0,USD,Census,111CA,WM,ROW,4.011364032849826e-07,2.949756373048054e-06,8.334223575111349e-08,2.246307056798873e-07
111300,2019,Saudi Arabia,2798622.0,USD,Census,111CA,WM,ROW,0.0001201043341917349,0.00022290988619546052,5.59470891106387e-05,0.0001507931002137821
111400,2019,Saudi Arabia,0.0,USD,Census,111CA,WM,ROW,0.0,0.0,0.0,0.0
111900,2019,Saudi Arabia,0.0,USD,Census,111CA,WM,ROW,0.0,0.0,0.0,0.0
112120,2019,Saudi Arabia,0.0,USD,Census,111CA,WM,ROW,0.0,0.0,0.0,0.0
1121A0,2019,Saudi Arabia,0.0,USD,Census,111CA,WM,ROW,0.0,0.0,0.0,0.0
112300,2019,Saudi Arabia,0.0,USD,Census,111CA,WM,ROW,0.0,0.008403361344537815,0.0,0.0
112A00,2019,Saudi Arabia,196904.0,USD,Census,111CA,WM,ROW,3.8182241138460865e-05,0.00010738897229120563,3.9362963752308105e-06,1.060942299620833e-05
113000,2019,Saudi Arabia,0.0,USD,Census,113FF,WM,ROW,0.0,0.0,0.0,0.0
114000,2019,Saudi Arabia,6986271.0,USD,Census,113FF,WM,ROW,0.00041737332722123586,0.002348251361699604,0.00035611418484832186,0.0021451823885604957
211000,2019,Saudi Arabia,11494451793.0,USD,Census,211,WM,ROW,0.08101753043862613,0.2408629667170871,0.08101753043862613,0.2408629667170871
212100,2019,Saudi Arabia,0.0,USD,Census,212,WM,ROW,0.0,0.0,0.0,0.0
212230,2019,Saudi Arabia,0.0,USD,Census,212,WM,ROW,0.0,0.0,0.0,0.0
2122A0,2019,Saudi Arabia,0.0,USD,Census,212,WM,ROW,0.0,0.0,0.0,0.0
212310,2019,Saudi Arabia,23531.0,USD,Census,212,WM,ROW,6.148126229656273e-05,0.0003428870856550329,3.881127068718413e-06,8.675376267615023e-06
2123A0,2019,Saudi Arabia,9821.0,USD,Census,212,WM,ROW,3.933133022151132e-06,1.5074023022998482e-05,1.6198439905606874e-06,3.6207925852809966e-06
311111,2019,Saudi Arabia,0.0,USD,Census,311FT,WM,ROW,0.0,0.0,0.0,0.0
311119,2019,Saudi Arabia,0.0,USD,Census,311FT,WM,ROW,0.0,0.0,0.0,0.0
311210,2019,Saudi Arabia,0.0,USD,Census,311FT,WM,ROW,0.0,0.0,0.0,0.0
311221,2019,Saudi Arabia,0.0,USD,Census,311FT,WM,ROW,0.0,0.0,0.0,0.0
311224,2019,Saudi Arabia,67061.0,USD,Census,311FT,WM,ROW,9.466924660675516e-06,0.00020362720597569468,6.749163123385338e-07,6.450049345421502e-06
311225,2019,Saudi Arabia,0.0,USD,Census,311FT,WM,ROW,0.0,0.0,0.0,0.0
311230,2019,Saudi Arabia,0.0,USD,Census,311FT,WM,ROW,0.0,0.0,0.0,0.0
311300,2019,Saudi Arabia,158740.0,USD,Census,311FT,WM,ROW,1.893659892736738e-05,9.670919058033622e-05,1.5975934659581407e-06,1.5267902851019357e-05
311410,2019,Saudi Arabia,0.0,USD,Census,311FT,WM,ROW,0.0,0.0,0.0,0.0
311420,2019,Saudi Arabia,185367.0,USD,Census,311FT,WM,ROW,2.4594185318034585e-05,0.00011563280015105555,1.865573314881332e-06,1.782893629699449e-05
311513,2019,Saudi Arabia,0.0,USD,Census,311FT,WM,ROW,0.0,0.0,0.0,0.0
311514,2019,Saudi Arabia,0.0,USD,Census,311FT,WM,ROW,0.0,0.0,0.0,0.0
31151A,2019,Saudi Arabia,0.0,USD,Census,311FT,WM,ROW,0.0,0.0,0.0,0.0
311520,2019,Saudi Arabia,0.0,USD,Census,311FT,WM,ROW,0.0,0.0,0.0,0.0
311615,2019,Saudi Arabia,0.0,USD,Census,311FT,WM,ROW,0.0,0.0,0.0,0.0
31161A,2019,Saudi Arabia,0.0,USD,Census,311FT,WM,ROW,0.0,0.0,0.0,0.0
311700,2019,Saudi Arabia,0.0,USD,Census,311FT,WM,ROW,0.0,0.0,0.0,0.0
311810,2019,Saudi Arabia,762072.0,USD,Census,311FT,WM,ROW,0.0001342387104134271,0.0034205634035157054,7.669656342381581e-06,7.329747550385551e-05
3118A0,2019,Saudi Arabia,25201.0,USD,Census,311FT,WM,ROW,2.4891144823863174e-05,0.0011418305717535012,2.536282785410804e-07,2.4238781639696286e-06
311910,2019,Saudi Arabia,0.0,USD,Census,311FT,WM,ROW,0.0,0.0,0.0,0.0
311920,2019,Saudi Arabia,203920.0,USD,Census,311FT,WM,ROW,7.549186061526257e-05,0.000349288078629844,2.052294693071589e-06,1.961339769043636e-05
311930,2019,Saudi Arabia,0.0,USD,Census,311FT,WM,ROW,0.0,0.0,0.0,0.0
311940,2019,Saudi Arabia,5259.0,USD,Census,311FT,WM,ROW,2.217711641983448e-06,2.0836750077628682e-05,5.292770591831839e-08,5.058202160357239e-07
311990,2019,Saudi Arabia,0.0,USD,Census,311FT,WM,ROW,0.0,0.0,0.0,0.0
312110,2019,Saudi Arabia,1492062.0,USD,Census,311FT,WM,ROW,0.00035986597504995084,0.013268612348369162,1.5016432543810226e-05,0.00014350924570806126
312120,2019,Saudi Arabia,103324.0,USD,Census,311FT,WM,ROW,1.7362245444839587e-05,0.0017396045771918551,1.0398749355969442e-06,9.937890854093009e-06
312130,2019,Saudi Arabia,265277.0,USD,Census,311FT,WM,ROW,3.0207147876236735e-05,0.0004108148638580801,2.669804723881679e-06,2.5514825907835845e-05
312140,2019,Saudi Arabia,0.0,USD,Census,311FT,WM,ROW,0.0,0.0,0.0,0.0
312200,2019,Saudi Arabia,0.0,USD,Census,311FT,WM,ROW,0.0,0.0,0.0,0.0
313100,2019,Saudi Arabia,0.0,USD,Census,313TT,WM,ROW,0.0,0.0,0.0,0.0
313200,2019,Saudi Arabia,44074215.0,USD,Census,313TT,WM,ROW,0.006749478402504332,0.14925530351720842,0.001320979028579005,0.04356902656019909
313300,2019,Saudi Arabia,0.0,USD,Census,313TT,WM,ROW,0.0,0.0,0.0,0.0
314110,2019,Saudi Arabia,273689.0,USD,Census,313TT,WM,ROW,9.001024039350878e-05,0.0015175335257671275,8.202923849075005e-06,0.00027055191590444273
314120,2019,Saudi Arabia,68443.0,USD,Census,313TT,WM,ROW,5.017028999902754e-06,0.00025929781743393914,2.0513528749867204e-06,6.765849113500278e-05
314900,2019,Saudi Arabia,307459.0,USD,Census,313TT,WM,ROW,3.80903485808321e-05,0.0018821989054597604,9.215068065259298e-06,0.0003039348366652078
315000,2019,Saudi Arabia,357497.0,USD,Census,315AL,WM,ROW,3.931127254243891e-06,2.2925940125475784e-05,2.7159335132943368e-06,2.1732273404257626e-05
316000,2019,Saudi Arabia,57390.0,USD,Census,315AL,WM,ROW,1.410439739320351e-06,6.70059009209581e-05,4.3599645403447296e-07,3.488743040278226e-06
321100,2019,Saudi Arabia,0.0,USD,Census,321,WM,ROW,0.0,0.0,0.0,0.0
321200,2019,Saudi Arabia,0.0,USD,Census,321,WM,ROW,0.0,0.0,0.0,0.0
321910,2019,Saudi Arabia,0.0,USD,Census,321,WM,ROW,0.0,0.0,0.0,0.0
3219A0,2019,Saudi Arabia,25924.0,USD,Census,321,WM,ROW,6.266036997948877e-06,9.862115459906443e-05,1.3296868926113895e-06,9.695584718870905e-06
322110,2019,Saudi Arabia,0.0,USD,Census,322,WM,ROW,0.0,0.0,0.0,0.0
322120,2019,Saudi Arabia,0.0,USD,Census,322,WM,ROW,0.0,0.0,0.0,0.0
322130,2019,Saudi Arabia,0.0,USD,Census,322,WM,ROW,0.0,0.0,0.0,0.0
322210,2019,Saudi Arabia,159624.0,USD,Census,322,WM,ROW,7.290068187416036e-05,0.005825676208767412,7.1323688900009895e-06,7.815025735600325e-05
322220,2019,Saudi Arabia,603175.0,USD,Census,322,WM,ROW,0.00015577766023187794,0.006375097111433907,2.6951251724216578e-05,0.00029530823360338835
322230,2019,Saudi Arabia,0.0,USD,Census,322,WM,ROW,0.0,0.0,0.0,0.0
322291,2019,Saudi Arabia,0.0,USD,Census,322,WM,ROW,0.0,0.0,0.0,0.0
322299,2019,Saudi Arabia,133384.0,USD,Census,322,WM,ROW,8.751521994482623e-05,0.007183957107385466,5.9599051021393526e-06,6.530342509380255e-05
323110,2019,Saudi Arabia,748924.0,USD,Census,323,WM,ROW,0.00012179392743128368,0.007800220842599119,0.00012117467638392917,0.0077063281898679635
323120,2019,Saudi Arabia,0.0,USD,Census,323,WM,ROW,0.0,0.0,0.0,0.0
324110,2019,Saudi Arabia,887918825.0,USD,Census,324,WM,ROW,0.013613902674720192,0.07605178937567644,0.01352339300064486,0.07599720801780654
324121,2019,Saudi Arabia,0.0,USD,Census,324,WM,ROW,0.0,0.0,0.0,0.0
324122,2019,Saudi Arabia,558696.0,USD,Census,324,WM,ROW,0.0020599552820953636,0.09132083033736645,8.509185032638858e-06,4.781893900122733e-05
324190,2019,Saudi Arabia,0.0,USD,Census,324,WM,ROW,0.0,0.0,0.0,0.0
325110,2019,Saudi Arabia,14735708.0,USD,Census,325,WM,ROW,0.011142571561704853,0.15859490225674386,5.540721482751973e-05,0.0012784180100657355
325120,2019,Saudi Arabia,925957.0,USD,Census,325,WM,ROW,0.00452448907680691,0.019588388648632046,3.4816581883982563e-06,8.033276075682542e-05
325130,2019,Saudi Arabia,12114197.0,USD,Census,325,WM,ROW,0.005198829895544022,0.14146469632149308,4.555016397189026e-05,0.0010509849694554413
325180,2019,Saudi Arabia,11130569.0,USD,Census,325,WM,ROW,0.001053525655436431,0.01183792410122529,4.185165909473311e-05,0.0009656488763131953
325190,2019,Saudi Arabia,191412387.0,USD,Census,325,WM,ROW,0.00485702417177606,0.06675543881917154,0.0007197229510219221,0.01660626302383791
325211,2019,Saudi Arabia,59361134.0,USD,Census,325,WM,ROW,0.004179807114660114,0.07120010676165693,0.0002232017018756877,0.005149962445206262
3252A0,2019,Saudi Arabia,24136179.0,USD,Census,325,WM,ROW,0.004329810849518519,0.1863031145094076,9.075359358155513e-05,0.002093969691023356
325310,2019,Saudi Arabia,249818134.0,USD,Census,325,WM,ROW,0.03124322559827084,0.09916284030514602,0.0009393323360063942,0.021673339465373177
325320,2019,Saudi Arabia,0.0,USD,Census,325,WM,ROW,0.0,0.0,0.0,0.0
325411,2019,Saudi Arabia,89985.0,USD,Census,325,WM,ROW,7.787998801391283e-06,0.0011394976766011507,3.383494180431889e-07,7.806780959270176e-06
325412,2019,Saudi Arabia,0.0,USD,Census,325,WM,ROW,0.0,0.0,0.0,0.0
325413,2019,Saudi Arabia,15437.0,USD,Census,325,WM,ROW,2.925656823744683e-06,0.0004464869729898375,5.804411809004509e-08,1.3392596284742314e-06
325414,2019,Saudi Arabia,0.0,USD,Census,325,WM,ROW,0.0,0.0,0.0,0.0
325510,2019,Saudi Arabia,0.0,USD,Census,325,WM,ROW,0.0,0.0,0.0,0.0
325520,2019,Saudi Arabia,21565.0,USD,Census,325,WM,ROW,2.2708553236335815e-05,0.0016033897138144533,8.108579430017635e-08,1.870903277064637e-06
325610,2019,Saudi Arabia,212517.0,USD,Census,325,WM,ROW,5.519157059677526e-05,0.0019778218195448875,7.990776604354546e-07,1.843722474991632e-05
325620,2019,Saudi Arabia,3998681.0,USD,Census,325,WM,ROW,0.0004112520932685225,0.014146837040438193,1.5035299097520217e-05,0.0003469114484969209
325910,2019,Saudi Arabia,0.0,USD,Census,325,WM,ROW,0.0,0.0,0.0,0.0
3259A0,2019,Saudi Arabia,83598.0,USD,Census,325,WM,ROW,1.2904206824493833e-05,0.00015852569217575984,3.143338850872313e-07,7.25266738493158e-06
326110,2019,Saudi Arabia,18117367.0,USD,Census,326,WM,ROW,0.001701810987112836,0.020526145406890232,0.0002890550538451957,0.006189684999378903
326120,2019,Saudi Arabia,2952479.0,USD,Census,326,WM,ROW,0.001850439186109499,0.03403211296478039,4.7105574243862785e-05,0.0010086959643352826
326160,2019,Saudi Arabia,30642.0,USD,Census,326,WM,ROW,2.8446513320786337e-05,0.0012374783662393997,4.888803632406677e-07,1.0468647444795282e-05
326190,2019,Saudi Arabia,164849.0,USD,Census,326,WM,ROW,6.332325737473057e-06,0.00020818870303151174,2.6300972194981017e-06,5.631962870005409e-05
326210,2019,Saudi Arabia,1587.0,USD,Census,326,WM,ROW,9.996315040182988e-08,1.5260171926020174e-06,2.531992482419358e-08,5.421886135007543e-07
326220,2019,Saudi Arabia,283198.0,USD,Census,326,WM,ROW,7.553055523698583e-05,0.0054170707182153045,4.5183062825217225e-06,9.675282354517114e-05
326290,2019,Saudi Arabia,13634.0,USD,Census,326,WM,ROW,3.6838578922663865e-06,0.0002794178828264777,2.175247983951199e-07,4.657970735015302e-06
327100,2019,Saudi Arabia,20560.0,USD,Census,327,WM,ROW,2.7052244913379907e-06,6.128388961836722e-05,7.860344112186857e-07,1.1509409780230345e-05
327200,2019,Saudi Arabia,11602949.0,USD,Census,327,WM,ROW,0.0014575300762326602,0.049944295917298216,0.0004435951938528909,0.006495286707203983
327310,2019,Saudi Arabia,0.0,USD,Census,327,WM,ROW,0.0,0.0,0.0,0.0
327320,2019,Saudi Arabia,0.0,USD,Census,327,WM,ROW,0.0,0.008403361344537815,0.0,0.0
327330,2019,Saudi Arabia,0.0,USD,Census,327,WM,ROW,0.0,0.0,0.0,0.0
327390,2019,Saudi Arabia,0.0,USD,Census,327,WM,ROW,0.0,0.0,0.0,0.0
327400,2019,Saudi Arabia,0.0,USD,Census,327,WM,ROW,0.0,0.0,0.0,0.0
327910,2019,Saudi Arabia,0.0,USD,Census,327,WM,ROW,0.0,0.0,0.0,0.0
327991,2019,Saudi Arabia,441174.0,USD,Census,327,WM,ROW,0.00011156621375722048,0.0005243250427488848,1.6866631582441264e-05,0.0002469675267696178
327992,2019,Saudi Arabia,1624299.0,USD,Census,327,WM,ROW,0.003419570240534925,0.027549792256154507,6.20989741297714e-05,0.0009092764006137339
327993,2019,Saudi Arabia,317301.0,USD,Census,327,WM,ROW,0.00038489435259506165,0.007897669622330548,1.2130812486094367e-05,0.0001776238926399255
327999,2019,Saudi Arabia,6590.0,USD,Census,327,WM,ROW,7.815045837900243e-06,0.00012809614107167758,2.519439090433433e-07,3.6890569285855043e-06
331110,2019,Saudi Arabia,114131076.0,USD,Census,331,WM,ROW,0.003848079010762197,0.019356099077717234,0.0012832470099493508,0.005603823219379928
331200,2019,Saudi Arabia,10996121.0,USD,Census,331,WM,ROW,0.004917152139023322,0.07481675471894887,0.00012363626006900403,0.0005399083259577018
331313,2019,Saudi Arabia,48237114.0,USD,Census,331,WM,ROW,0.00496338900477838,0.015255002209726297,0.0005423600169079801,0.0023684369668877615
331314,2019,Saudi Arabia,0.0,USD,Census,331,WM,ROW,0.0,0.0,0.0,0.0
33131B,2019,Saudi Arabia,254146580.0,USD,Census,331,WM,ROW,0.03720526638238505,0.1637427433042739,0.00285752881952899,0.0124785689931636
331410,2019,Saudi Arabia,981233.0,USD,Census,331,WM,ROW,3.265109894414553e-05,0.00010893496722628486,1.1032615808455456e-05,4.81784318674243e-05
331420,2019,Saudi Arabia,0.0,USD,Census,331,WM,ROW,0.0,0.0,0.0,0.0
331490,2019,Saudi Arabia,3173.0,USD,Census,331,WM,ROW,6.106468278621845e-07,1.0154025949203738e-05,3.567602186252314e-08,1.5579394936303337e-07
331510,2019,Saudi Arabia,7058.0,USD,Census,331,WM,ROW,4.714473921951291e-06,8.871568534670657e-05,7.935750466614822e-08,3.4654702004547416e-07
331520,2019,Saudi Arabia,0.0,USD,Census,331,WM,ROW,0.0,0.0,0.0,0.0
332119,2019,Saudi Arabia,0.0,USD,Census,332,WM,ROW,0.0,0.0,0.0,0.0
33211A,2019,Saudi Arabia,0.0,USD,Census,332,WM,ROW,0.0,0.0,0.0,0.0
332200,2019,Saudi Arabia,2400.0,USD,Census,332,WM,ROW,2.511503410818157e-07,1.7386562351928972e-05,3.0516812801539933e-08,1.417715997432176e-06
332310,2019,Saudi Arabia,0.0,USD,Census,332,WM,ROW,0.0,0.0,0.0,0.0
332320,2019,Saudi Arabia,435183.0,USD,Census,332,WM,ROW,0.0002057968556866166,0.0017813184429378436,5.533499227255231e-06,0.00025706912537938614
332410,2019,Saudi Arabia,516554.0,USD,Census,332,WM,ROW,0.00023096210043716247,0.005879522120513392,6.568159049952775e-06,0.0003051361955573251
332420,2019,Saudi Arabia,52362.0,USD,Census,332,WM,ROW,3.681803518002145e-05,0.0013062636090954386,6.658005632975976e-07,3.09310187739765e-05
332430,2019,Saudi Arabia,7240.0,USD,Census,332,WM,ROW,5.1039684182789535e-06,0.00035958063362279575,9.205905195131214e-08,4.276776592253731e-06
332500,2019,Saudi Arabia,252162.0,USD,Census,332,WM,ROW,2.934631956826184e-05,0.0024857947754126485,3.2063252290257973e-06,0.00014895587556020516
332600,2019,Saudi Arabia,1987896.0,USD,Census,332,WM,ROW,0.0005599373291214177,0.02273681664871321,2.5276770875387514e-05,0.0011742799835130972
332720,2019,Saudi Arabia,11855.0,USD,Census,332,WM,ROW,1.9047944420832857e-06,0.0005150342203420227,1.5074033990093997e-07,7.00292631231602e-06
332913,2019,Saudi Arabia,0.0,USD,Census,332,WM,ROW,0.0,0.0,0.0,0.0
33291A,2019,Saudi Arabia,1278407.0,USD,Census,332,WM,ROW,7.385160627178651e-05,0.0037354761150599587,1.625537795965761e-05,0.0007551741896371983
332991,2019,Saudi Arabia,10026.0,USD,Census,332,WM,ROW,2.3414976408080075e-06,0.00015208512944642514,1.274839854784331e-07,5.922508579272915e-06
332999,2019,Saudi Arabia,55770.0,USD,Census,332,WM,ROW,4.523856325271525e-06,0.0004920757105200034,7.091344374757842e-07,3.294417549033019e-05
33299A,2019,Saudi Arabia,3848.0,USD,Census,332,WM,ROW,1.5290809022288775e-06,1.5425652912907857e-05,4.892862319180236e-08,2.2730713158829223e-06
333111,2019,Saudi Arabia,4058355.0,USD,Census,333,WM,ROW,0.0004364891275462271,0.021191328345869873,2.089956554851151e-05,0.0008516221574514066
333112,2019,Saudi Arabia,0.0,USD,Census,333,WM,ROW,0.0,0.0,0.0,0.0
333120,2019,Saudi Arabia,953643.0,USD,Census,333,WM,ROW,3.9450267663732456e-05,0.0006948277415577504,4.91103523185605e-06,0.00020011642872504545
333130,2019,Saudi Arabia,492306.0,USD,Census,333,WM,ROW,0.00019901431356278884,0.004815169106032448,2.5352591177769087e-06,0.00010330754649267307
333242,2019,Saudi Arabia,17157.0,USD,Census,333,WM,ROW,1.1234330559442646e-06,0.00024671918984648365,8.835448010728779e-08,3.6002965130930597e-06
33329A,2019,Saudi Arabia,65443.0,USD,Census,333,WM,ROW,4.733709517254436e-06,0.00015990976342117392,3.3701592595799005e-07,1.3732832354511226e-05
333314,2019,Saudi Arabia,5048.0,USD,Census,333,WM,ROW,8.280558134623984e-07,1.629664659241349e-05,2.599600254016371e-08,1.059293396170296e-06
333316,2019,Saudi Arabia,2311.0,USD,Census,333,WM,ROW,1.4076345831202044e-06,6.142427123597328e-05,1.190110179681425e-08,4.849498887776453e-07
333318,2019,Saudi Arabia,87755.0,USD,Census,333,WM,ROW,2.0681627655479573e-05,0.002936523475439698,4.51917433223468e-07,1.841487559051591e-05
333413,2019,Saudi Arabia,726362.0,USD,Census,333,WM,ROW,0.00022767497936008465,0.0112462831056167,3.740591996251663e-06,0.00015242283475218866
333414,2019,Saudi Arabia,0.0,USD,Census,333,WM,ROW,0.0,0.0,0.0,0.0
333415,2019,Saudi Arabia,3764080.0,USD,Census,333,WM,ROW,0.0003057774512344749,0.020080431086750904,1.938411910486914e-05,0.000789870262808377
333511,2019,Saudi Arabia,0.0,USD,Census,333,WM,ROW,0.0,0.0,0.0,0.0
333514,2019,Saudi Arabia,0.0,USD,Census,333,WM,ROW,0.0,0.0,0.0,0.0
333517,2019,Saudi Arabia,199597.0,USD,Census,333,WM,ROW,2.4532938703234404e-05,0.003208601676641747,1.0278772026563106e-06,4.188426782793236e-05
33351B,2019,Saudi Arabia,13177.0,USD,Census,333,WM,ROW,3.486869610323025e-06,4.1901720841380446e-05,6.785842422181798e-08,2.7651166959857347e-06
333611,2019,Saudi Arabia,1022615.0,USD,Census,333,WM,ROW,0.00022556281726715828,0.0028641517355925154,5.2662246706833426e-06,0.0002145898011736702
333612,2019,Saudi Arabia,51608.0,USD,Census,333,WM,ROW,1.0888676664297174e-05,0.0010333409226732494,2.6576895782344864e-07,1.0829638191275084e-05
333613,2019,Saudi Arabia,28674.0,USD,Census,333,WM,ROW,1.1148581956188067e-05,0.0012236175860910602,1.4766429810551787e-07,6.017071878325488e-06
333618,2019,Saudi Arabia,276250.0,USD,Census,333,WM,ROW,1.895246221171812e-05,0.00048391882901642323,1.4226219694374456e-06,5.7969453385904165e-05
333912,2019,Saudi Arabia,1082714.0,USD,Census,333,WM,ROW,0.0001660222128150557,0.01007021725578009,5.575720264316722e-06,0.00022720122625616594
333914,2019,Saudi Arabia,7711005.0,USD,Census,333,WM,ROW,0.0013950004231076416,0.08435491765440402,3.9709846586215344e-05,0.0016181094838225302
333920,2019,Saudi Arabia,469493.0,USD,Census,333,WM,ROW,4.7001484399185815e-05,0.015556975530417936,2.4177775793559987e-06,9.852037132491694e-05
333991,2019,Saudi Arabia,0.0,USD,Census,333,WM,ROW,0.0,0.0,0.0,0.0
333993,2019,Saudi Arabia,0.0,USD,Census,333,WM,ROW,0.0,0.0,0.0,0.0
333994,2019,Saudi Arabia,7912.0,USD,Census,333,WM,ROW,8.45083215703133e-06,0.00031049781252485856,4.0744923157245496e-08,1.6602871138073257e-06
33399A,2019,Saudi Arabia,548654.0,USD,Census,333,WM,ROW,3.0417936912400937e-05,0.0024823401326018292,2.8254379512026507e-06,0.00011513184607417145
33399B,2019,Saudi Arabia,738116.0,USD,Census,333,WM,ROW,0.00011362740787512423,0.01333460082461364,3.8011223080300074e-06,0.00015488934318693226
334111,2019,Saudi Arabia,146843.0,USD,Census,334,WM,ROW,1.978666102713181e-06,0.0022173414392791775,3.7268042392472426e-07,3.726071461729862e-05
334112,2019,Saudi Arabia,8020.0,USD,Census,334,WM,ROW,1.1082218379830717e-06,8.419441544531224e-05,2.0354371675029034e-08,2.0350369526006342e-06
334118,2019,Saudi Arabia,199543.0,USD,Census,334,WM,ROW,8.501676149274959e-06,0.0016020555973498927,5.064304722132567e-07,5.0633089605085824e-05
334210,2019,Saudi Arabia,0.0,USD,Census,334,WM,ROW,0.0,0.0,0.0,0.0
334220,2019,Saudi Arabia,657623.0,USD,Census,334,WM,ROW,6.019402403272788e-06,0.0008358734865987061,1.6690153321755137e-06,0.0001668687164439011
334290,2019,Saudi Arabia,93399.0,USD,Census,334,WM,ROW,5.4285955116001025e-05,0.005821444173653669,2.3704213966035373e-07,2.369955315909559e-05
334300,2019,Saudi Arabia,258842.0,USD,Census,334,WM,ROW,8.197504488778033e-06,0.00240698227765587,6.569284629810306e-07,6.56799295367897e-05
334413,2019,Saudi Arabia,56245.0,USD,Census,334,WM,ROW,1.3453319163569014e-06,0.0001889805588984195,1.4274708664114814e-07,1.4271901920077639e-05
334418,2019,Saudi Arabia,34979.0,USD,Census,334,WM,ROW,1.981618376619928e-06,0.0004030434731108393,8.877500833177563e-08,8.875755307358801e-06
33441A,2019,Saudi Arabia,3239813.0,USD,Census,334,WM,ROW,0.00020301065270489664,0.007136977796734841,8.222488523639756e-06,0.0008220871788673214
334510,2019,Saudi Arabia,42848.0,USD,Census,334,WM,ROW,3.232817527516177e-06,5.1517003645257234e-05,1.087461493181601e-07,1.0872476726313213e-05
334511,2019,Saudi Arabia,245297.0,USD,Census,334,WM,ROW,3.695751516095514e-05,0.002330748641153598,6.225519088241392e-07,6.224295004514685e-05
334512,2019,Saudi Arabia,9157.0,USD,Census,334,WM,ROW,5.918684789410177e-06,0.0002298629557911056,2.324002262197517e-08,2.3235453085990034e-06
334513,2019,Saudi Arabia,1452028.0,USD,Census,334,WM,ROW,0.00018040737435766132,0.009743245405616602,3.6851767574250697e-06,0.00036844521648513636
334514,2019,Saudi Arabia,14200.0,USD,Census,334,WM,ROW,5.824299931299306e-06,0.0002059901530324057,3.603891244207136e-08,3.6031826342804246e-06
334515,2019,Saudi Arabia,662744.0,USD,Census,334,WM,ROW,8.693227989601835e-05,0.002368198619834581,1.6820121822188831e-06,0.00016816814589954546
334516,2019,Saudi Arabia,148916.0,USD,Census,334,WM,ROW,2.0897749015178843e-05,0.0014443880858448542,3.779415975509506e-07,3.778672853285237e-05
334517,2019,Saudi Arabia,19313.0,USD,Census,334,WM,ROW,4.47161193102173e-06,0.00011680480807369735,4.901545887279747e-08,4.900582127877313e-06
33451A,2019,Saudi Arabia,11018.0,USD,Census,334,WM,ROW,1.4970500101004543e-06,9.908428779674386e-05,2.7963150513150862e-08,2.795765229894487e-06
334610,2019,Saudi Arabia,27606.0,USD,Census,334,WM,ROW,2.500530358403894e-06,0.0007968111620757372,7.006269132928324e-08,7.004891535348268e-06
335110,2019,Saudi Arabia,0.0,USD,Census,335,WM,ROW,0.0,0.0,0.0,0.0
335120,2019,Saudi Arabia,9358.0,USD,Census,335,WM,ROW,6.874509999107134e-07,0.0004015947405250806,7.317820469965269e-08,4.017259394723734e-06
335210,2019,Saudi Arabia,18776.0,USD,Census,335,WM,ROW,1.3323943812366635e-06,0.0001599970891028101,1.4682560070962586e-07,8.060275955902205e-06
335220,2019,Saudi Arabia,0.0,USD,Census,335,WM,ROW,0.0,0.0,0.0,0.0
335311,2019,Saudi Arabia,41676.0,USD,Census,335,WM,ROW,1.5090266455554384e-05,0.0006201095196497687,3.259002841486135e-07,1.7890927819459964e-05
335312,2019,Saudi Arabia,160166.0,USD,Census,335,WM,ROW,1.1583731834725596e-05,0.00035972757792746387,1.2524749234798646e-06,6.875703870648873e-05
335313,2019,Saudi Arabia,20464.0,USD,Census,335,WM,ROW,1.5027817963429853e-06,2.8873967066774194e-05,1.6002551623997568e-07,8.784910905495458e-06
335314,2019,Saudi Arabia,402182.0,USD,Census,335,WM,ROW,6.093317887920452e-05,0.002182900939668561,3.1450049927886e-06,0.00017265114531831382
335911,2019,Saudi Arabia,4261905.0,USD,Census,335,WM,ROW,0.0005257064167925887,0.06248009520407814,3.3327479856857586e-05,0.0018295766083212283
335912,2019,Saudi Arabia,0.0,USD,Census,335,WM,ROW,0.0,0.0,0.0,0.0
335920,2019,Saudi Arabia,14190.0,USD,Census,335,WM,ROW,1.4967518279759931e-06,5.188056974386157e-05,1.1096374489079628e-07,6.091569866545179e-06
335930,2019,Saudi Arabia,137811.0,USD,Census,335,WM,ROW,2.097428511688722e-05,0.000637407012491912,1.0776620611096213e-06,5.91603477715615e-05
335991,2019,Saudi Arabia,0.0,USD,Census,335,WM,ROW,0.0,0.0,0.0,0.0
335999,2019,Saudi Arabia,320655.0,USD,Census,335,WM,ROW,1.8221289003376373e-05,0.0019019690663331101,2.5074756601802875e-06,0.00013765273682572548
336111,2019,Saudi Arabia,0.0,USD,Census,3361MV,WM,ROW,0.0,0.0,0.0,0.0
336112,2019,Saudi Arabia,0.0,USD,Census,3361MV,WM,ROW,0.0,0.0,0.0,0.0
336120,2019,Saudi Arabia,0.0,USD,Census,3361MV,WM,ROW,0.0,0.0,0.0,0.0
336211,2019,Saudi Arabia,0.0,USD,Census,3361MV,WM,ROW,0.0,0.0,0.0,0.0
336212,2019,Saudi Arabia,0.0,USD,Census,3361MV,WM,ROW,0.0,0.0,0.0,0.0
336213,2019,Saudi Arabia,0.0,USD,Census,3361MV,WM,ROW,0.0,0.008403361344537815,0.0,0.0
336214,2019,Saudi Arabia,0.0,USD,Census,3361MV,WM,ROW,0.0,0.0,0.0,0.0
336310,2019,Saudi Arabia,488861.0,USD,Census,3361MV,WM,ROW,2.695053330380061e-05,0.002198105639330865,1.4304319880268756e-06,0.00017860178985326604
336320,2019,Saudi Arabia,907824.0,USD,Census,3361MV,WM,ROW,4.113691252201875e-05,0.0007660387909948801,2.656338896124891e-06,0.00033166685677882133
336350,2019,Saudi Arabia,0.0,USD,Census,3361MV,WM,ROW,0.0,0.0,0.0,0.0
336360,2019,Saudi Arabia,0.0,USD,Census,3361MV,WM,ROW,0.0,0.0,0.0,0.0
336370,2019,Saudi Arabia,0.0,USD,Census,3361MV,WM,ROW,0.0,0.0,0.0,0.0
336390,2019,Saudi Arabia,189104.0,USD,Census,3361MV,WM,ROW,4.873789511595579e-06,0.0003224398089224257,5.53327859378912e-07,6.908776291913657e-05
3363A0,2019,Saudi Arabia,73480.0,USD,Census,3361MV,WM,ROW,3.1331423160872866e-06,0.0003326369942124468,2.1500619292644498e-07,2.6845380421874494e-05
336411,2019,Saudi Arabia,0.0,USD,Census,3364OT,WM,ROW,0.0,0.0,0.0,0.0
336412,2019,Saudi Arabia,963213.0,USD,Census,3364OT,WM,ROW,3.321685909001597e-05,0.0029199086476226076,1.2725121861400984e-05,0.00025040628703633703
336413,2019,Saudi Arabia,1215172.0,USD,Census,3364OT,WM,ROW,5.919456803436191e-05,0.0020513249790883514,1.605378227096432e-05,0.00031590801684624244
336414,2019,Saudi Arabia,0.0,USD,Census,3364OT,WM,ROW,0.0,0.008403361344537815,0.0,0.0
33641A,2019,Saudi Arabia,2595326.0,USD,Census,3364OT,WM,ROW,0.004208344147176033,0.14347912353504516,3.428716142749566e-05,0.0006747063705627607
336500,2019,Saudi Arabia,0.0,USD,Census,3364OT,WM,ROW,0.0,0.0,0.0,0.0
336611,2019,Saudi Arabia,0.0,USD,Census,3364OT,WM,ROW,0.0,0.0,0.0,0.0
336612,2019,Saudi Arabia,55001.0,USD,Census,3364OT,WM,ROW,3.4293468437731576e-05,0.0007191388983421247,7.266247730241552e-07,1.4298598745330027e-05
336991,2019,Saudi Arabia,4750.0,USD,Census,3364OT,WM,ROW,9.239343519309645e-07,0.0001808517791360402,6.275281670996413e-08,1.2348565306143095e-06
336992,2019,Saudi Arabia,0.0,USD,Census,3364OT,WM,ROW,0.0,0.0,0.0,0.0
336999,2019,Saudi Arabia,0.0,USD,Census,3364OT,WM,ROW,0.0,0.0,0.0,0.0
337110,2019,Saudi Arabia,0.0,USD,Census,337,WM,ROW,0.0,0.0,0.0,0.0
337121,2019,Saudi Arabia,100669.0,USD,Census,337,WM,ROW,1.6564768722809833e-05,0.004729268198726134,2.1876058952504273e-06,0.0002089755862276999
337122,2019,Saudi Arabia,14215.0,USD,Census,337,WM,ROW,2.435554226840075e-06,8.417913625763223e-05,3.0890162613103164e-07,2.9508467931803774e-05
337127,2019,Saudi Arabia,75341.0,USD,Census,337,WM,ROW,5.298241701912461e-06,0.00044124841305831985,1.6372112145155155e-06,0.000156397993841015
33712N,2019,Saudi Arabia,148931.0,USD,Census,337,WM,ROW,2.1767561565366142e-05,0.0063871200020413944,3.236372007127729e-06,0.00030916114228290314
337215,2019,Saudi Arabia,73956.0,USD,Census,337,WM,ROW,1.0983753095920092e-05,0.0009531794972734705,1.6071142217479124e-06,0.00015352291624090607
33721A,2019,Saudi Arabia,0.0,USD,Census,337,WM,ROW,0.0,0.0,0.0,0.0
337900,2019,Saudi Arabia,9026.0,USD,Census,337,WM,ROW,3.027371199904502e-06,0.0011711165245372008,1.961411239858383e-07,1.8736787305836148e-05
339112,2019,Saudi Arabia,338552.0,USD,Census,339,WM,ROW,1.899149589258092e-05,0.00011376305386704189,2.5898644112926657e-06,2.2840295118425603e-05
339113,2019,Saudi Arabia,1231723.0,USD,Census,339,WM,ROW,6.683012528625965e-05,0.001716503845211765,9.422468519667985e-06,8.309777175781723e-05
339114,2019,Saudi Arabia,0.0,USD,Census,339,WM,ROW,0.0,0.0,0.0,0.0
339115,2019,Saudi Arabia,0.0,USD,Census,339,WM,ROW,0.0,0.0,0.0,0.0
339116,2019,Saudi Arabia,2500.0,USD,Census,339,WM,ROW,4.477558372661355e-06,4.068991210816225e-05,1.9124568835014012e-08,1.6866164664826676e-07
339910,2019,Saudi Arabia,621868.0,USD,Census,339,WM,ROW,1.770177965881132e-05,6.05552646634804e-05,4.757182948916997e-06,4.195411235114574e-05
339920,2019,Saudi Arabia,94956.0,USD,Census,339,WM,ROW,1.0319072477140624e-05,0.0006167520992424509,7.263970233190363e-07,6.406174127653127e-06
339930,2019,Saudi Arabia,0.0,USD,Census,339,WM,ROW,0.0,0.0,0.0,0.0
339940,2019,Saudi Arabia,0.0,USD,Census,339,WM,ROW,0.0,0.0,0.0,0.0
339950,2019,Saudi Arabia,0.0,USD,Census,339,WM,ROW,0.0,0.0,0.0,0.0
339990,2019,Saudi Arabia,128501.0,USD,Census,339,WM,ROW,7.037036618935455e-06,0.0004290828460267356,9.830104879472543e-07,8.66927610237957e-06
S00401,2019,Saudi Arabia,36238037.0,USD,Census,Used,WM,ROW,0.005444776451195148,0.06214184673317852,0.0008436098730356385,0.0159224361604397
S00402,2019,Saudi Arabia,3368186.0,USD,Census,Used,WM,ROW,9.278657690556916e-05,0.001989759886975403,7.841028927202694e-05,0.0014799291297563043
811100,2019,Saudi Arabia,500000.0,USD,BEA,81,WM,ROW,0.000264026402640264,0.0049504950495049506,6.6006600660066e-05,0.0012376237623762376
811200,2019,Saudi Arabia,500000.0,USD,BEA,81,WM,ROW,0.000264026402640264,0.0049504950495049506,6.6006600660066e-05,0.0012376237623762376
811300,2019,Saudi Arabia,500000.0,USD,BEA,81,WM,ROW,0.000264026402640264,0.0049504950495049506,6.6006600660066e-05,0.0012376237623762376
811400,2019,Saudi Arabia,500000.0,USD,BEA,81,WM,ROW,0.000264026402640264,0.0049504950495049506,6.6006600660066e-05,0.0012376237623762376
481000,2019,Saudi Arabia,62000000.0,USD,BEA,481,WM,ROW,0.0010639758374519496,0.0057261602401293,0.0010639758374519496,0.0057261602401293
492000,2019,Saudi Arabia,62000000.0,USD,BEA,487OS,WM,ROW,0.0010639758374519496,0.0057261602401293,0.0010639758374519496,0.0057261602401293
524113,2019,Saudi Arabia,333333.3333333333,USD,BEA,524,WM,ROW,1.2340042202944334e-05,1.5729453401494295e-05,4.1133474009814444e-06,5.243151133831432e-06
5241XX,2019,Saudi Arabia,333333.3333333333,USD,BEA,524,WM,ROW,1.2340042202944334e-05,1.5729453401494295e-05,4.1133474009814444e-06,5.243151133831432e-06
524200,2019,Saudi Arabia,333333.3333333333,USD,BEA,524,WM,ROW,1.2340042202944334e-05,1.5729453401494295e-05,4.1133474009814444e-06,5.243151133831432e-06
523A00,2019,Saudi Arabia,51500000.0,USD,BEA,523,WM,ROW,0.004520716292134831,0.01989569248599575,0.0022603581460674156,0.009947846242997875
523900,2019,Saudi Arabia,51500000.0,USD,BEA,523,WM,ROW,0.004520716292134831,0.01989569248599575,0.0022603581460674156,0.009947846242997875
52A000,2019,Saudi Arabia,51500000.0,USD,BEA,521CI,WM,ROW,0.004520716292134831,0.01989569248599575,0.0022603581460674156,0.009947846242997875
522A00,2019,Saudi Arabia,51500000.0,USD,BEA,521CI,WM,ROW,0.004520716292134831,0.01989569248599575,0.0022603581460674156,0.009947846242997875
517110,2019,Saudi Arabia,1714285.714285714,USD,BEA,513,WM,ROW,0.000563565491006434,0.00905318747642399,0.00018785516366881134,0.003017729158807997
517210,2019,Saudi Arabia,1714285.714285714,USD,BEA,513,WM,ROW,0.000563565491006434,0.00905318747642399,0.00018785516366881134,0.003017729158807997
517A00,2019,Saudi Arabia,1714285.714285714,USD,BEA,513,WM,ROW,0.000563565491006434,0.00905318747642399,0.00018785516366881134,0.003017729158807997
541511,2019,Saudi Arabia,1714285.714285714,USD,BEA,5415,WM,ROW,0.000563565491006434,0.00905318747642399,0.00018785516366881134,0.003017729158807997
541512,2019,Saudi Arabia,1714285.714285714,USD,BEA,5415,WM,ROW,0.000563565491006434,0.00905318747642399,0.00018785516366881134,0.003017729158807997
54151A,2019,Saudi Arabia,1714285.714285714,USD,BEA,5415,WM,ROW,0.000563565491006434,0.00905318747642399,0.00018785516366881134,0.003017729158807997
511200,2019,Saudi Arabia,1714285.714285714,USD,BEA,511,WM,ROW,0.000563565491006434,0.00905318747642399,0.0001127130982012868,0.001810637495284798
518200,2019,Saudi Arabia,1714285.714285714,USD,BEA,514,WM,ROW,0.000563565491006434,0.00905318747642399,0.00018785516366881134,0.003017729158807997
511110,2019,Saudi Arabia,1714285.714285714,USD,BEA,511,WM,ROW,0.000563565491006434,0.00905318747642399,0.0001127130982012868,0.001810637495284798
511120,2019,Saudi Arabia,1714285.714285714,USD,BEA,511,WM,ROW,0.000563565491006434,0.00905318747642399,0.0001127130982012868,0.001810637495284798
511130,2019,Saudi Arabia,1714285.714285714,USD,BEA,511,WM,ROW,0.000563565491006434,0.00905318747642399,0.0001127130982012868,0.001810637495284798
5111A0,2019,Saudi Arabia,1714285.714285714,USD,BEA,511,WM,ROW,0.000563565491006434,0.00905318747642399,0.0001127130982012868,0.001810637495284798
519130,2019,Saudi Arabia,1714285.714285714,USD,BEA,514,WM,ROW,0.000563565491006434,0.00905318747642399,0.00018785516366881134,0.003017729158807997
5191A0,2019,Saudi Arabia,1714285.714285714,USD,BEA,514,WM,ROW,0.000563565491006434,0.00905318747642399,0.00018785516366881134,0.003017729158807997
541800,2019,Saudi Arabia,3444444.4444444445,USD,BEA,5412OP,WM,ROW,0.0005841781931933818,0.007283834586466165,7.491950821604457e-05,0.0011177560964417005
561300,2019,Saudi Arabia,3444444.4444444445,USD,BEA,561,WM,ROW,0.0005841781931933818,0.007283834586466165,7.302227414917273e-05,0.0009104793233082706
561700,2019,Saudi Arabia,3444444.4444444445,USD,BEA,561,WM,ROW,0.0005841781931933818,0.007283834586466165,7.302227414917273e-05,0.0009104793233082706
561100,2019,Saudi Arabia,3444444.4444444445,USD,BEA,561,WM,ROW,0.0005841781931933818,0.007283834586466165,7.302227414917273e-05,0.0009104793233082706
561200,2019,Saudi Arabia,3444444.4444444445,USD,BEA,561,WM,ROW,0.0005841781931933818,0.007283834586466165,7.302227414917273e-05,0.0009104793233082706
561400,2019,Saudi Arabia,3444444.4444444445,USD,BEA,561,WM,ROW,0.0005841781931933818,0.007283834586466165,7.302227414917273e-05,0.0009104793233082706
561500,2019,Saudi Arabia,3444444.4444444445,USD,BEA,561,WM,ROW,0.0005841781931933818,0.007283834586466165,7.302227414917273e-05,0.0009104793233082706
561600,2019,Saudi Arabia,3444444.4444444445,USD,BEA,561,WM,ROW,0.0005841781931933818,0.007283834586466165,7.302227414917273e-05,0.0009104793233082706
561900,2019,Saudi Arabia,3444444.4444444445,USD,BEA,561,WM,ROW,0.0005841781931933818,0.007283834586466165,7.302227414917273e-05,0.0009104793233082706
541100,2019,Saudi Arabia,8500000.0,USD,BEA,5411,WM,ROW,0.00036700416657671465,0.005510534846029173,0.00036700416657671465,0.005510534846029173
541200,2019,Saudi Arabia,8500000.0,USD,BEA,5412OP,WM,ROW,0.00036700416657671465,0.005510534846029173,0.0001848820122105616,0.002758333592831938
541300,2019,Saudi Arabia,0.0,USD,BEA,5412OP,WM,ROW,0.0,0.0,0.0,0.0
541610,2019,Saudi Arabia,0.0,USD,BEA,5412OP,WM,ROW,0.0,0.0,0.0,0.0
5416A0,2019,Saudi Arabia,0.0,USD,BEA,5412OP,WM,ROW,0.0,0.0,0.0,0.0
541400,2019,Saudi Arabia,0.0,USD,BEA,5412OP,WM,ROW,0.0,0.0,0.0,0.0
5419A0,2019,Saudi Arabia,0.0,USD,BEA,5412OP,WM,ROW,0.0,0.0,0.0,0.0
541920,2019,Saudi Arabia,0.0,USD,BEA,5412OP,WM,ROW,0.0,0.0,0.0,0.0
541940,2019,Saudi Arabia,0.0,USD,BEA,5412OP,WM,ROW,0.0,0.0,0.0,0.0
541700,2019,Saudi Arabia,0.0,USD,BEA,5412OP,WM,ROW,0.0,0.0,0.0,0.0
562000,2019,Saudi Arabia,0.0,USD,BEA,562,WM,ROW,0.0,0.0,0.0,0.0
213111,2019,Saudi Arabia,0.0,USD,BEA,213,WM,ROW,0.0,0.0,0.0,0.0
21311A,2019,Saudi Arabia,0.0,USD,BEA,213,WM,ROW,0.0,0.0,0.0,0.0
711100,2019,Saudi Arabia,1200000.0,USD,BEA,711AS,WM,ROW,0.0007615662879989846,0.007444168734491315,0.0001523132575997969,0.001488833746898263
711200,2019,Saudi Arabia,1200000.0,USD,BEA,711AS,WM,ROW,0.0007615662879989846,0.007444168734491315,0.0001523132575997969,0.001488833746898263
711A00,2019,Saudi Arabia,1200000.0,USD,BEA,711AS,WM,ROW,0.0007615662879989846,0.007444168734491315,0.0001523132575997969,0.001488833746898263
711500,2019,Saudi Arabia,1200000.0,USD,BEA,711AS,WM,ROW,0.0007615662879989846,0.007444168734491315,0.0001523132575997969,0.001488833746898263
712000,2019,Saudi Arabia,1200000.0,USD,BEA,711AS,WM,ROW,0.0007615662879989846,0.007444168734491315,0.0001523132575997969,0.001488833746898263
512100,2019,Saudi Arabia,1200000.0,USD,BEA,512,WM,ROW,0.0007615662879989846,0.007444168734491315,0.0003807831439994923,0.0037220843672456576
512200,2019,Saudi Arabia,1200000.0,USD,BEA,512,WM,ROW,0.0007615662879989846,0.007444168734491315,0.0003807831439994923,0.0037220843672456576
611100,2019,Saudi Arabia,1200000.0,USD,BEA,61,WM,ROW,0.0007615662879989846,0.007444168734491315,0.00025385542933299487,0.0024813895781637717
611A00,2019,Saudi Arabia,1200000.0,USD,BEA,61,WM,ROW,0.0007615662879989846,0.007444168734491315,0.00025385542933299487,0.0024813895781637717
611B00,2019,Saudi Arabia,1200000.0,USD,BEA,61,WM,ROW,0.0007615662879989846,0.007444168734491315,0.00025385542933299487,0.0024813895781637717
491000,2019,Saudi Arabia,215666666.66666666,USD,BEA,GFE,WM,ROW,0.042045749935014295,0.5548885077186965,0.014015249978338098,0.18496283590623214
S00101,2019,Saudi Arabia,215666666.66666666,USD,BEA,GFE,WM,ROW,0.042045749935014295,0.5548885077186965,0.014015249978338098,0.18496283590623214
S00102,2019,Saudi Arabia,215666666.66666666,USD,BEA,GFE,WM,ROW,0.042045749935014295,0.5548885077186965,0.014015249978338098,0.18496283590623214
